{"verts":[1.0,1.0,0.0,1.0,0,0.0,1.0,-1.0,0.0,1.0,0,0.0,0.5000000000000001,1.0,0.8660254037844386,0.5000000000000001,0,0.8660254037844386,0.5000000000000001,-1.0,0.8660254037844386,0.5000000000000001,0,0.8660254037844386,-0.4999999999999998,1.0,0.8660254037844387,-0.49999999999999983,0,0.8660254037844388,-0.4999999999999998,-1.0,0.8660254037844387,-0.49999999999999983,0,0.8660254037844388,-1.0,1.0,1.2246467991473532E-16,-1.0,0,1.2246467991473532E-16,-1.0,-1.0,1.2246467991473532E-16,-1.0,0,1.2246467991473532E-16,-0.5000000000000004,1.0,-0.8660254037844385,-0.5000000000000004,0,-0.8660254037844385,-0.5000000000000004,-1.0,-0.8660254037844385,-0.5000000000000004,0,-0.8660254037844385,0.5000000000000001,1.0,-0.8660254037844386,0.5000000000000001,0,-0.8660254037844386,0.5000000000000001,-1.0,-0.8660254037844386,0.5000000000000001,0,-0.8660254037844386,1.0,1.0,-2.4492935982947064E-16,1.0,0,-2.4492935982947064E-16,1.0,-1.0,-2.4492935982947064E-16,1.0,0,-2.4492935982947064E-16,0,1.0,0,0,1,0,1.0,1.0,0.0,0,1,0,0.5000000000000001,1.0,0.8660254037844386,0,1,0,-0.4999999999999998,1.0,0.8660254037844387,0,1,0,-1.0,1.0,1.2246467991473532E-16,0,1,0,-0.5000000000000004,1.0,-0.8660254037844385,0,1,0,0.5000000000000001,1.0,-0.8660254037844386,0,1,0,1.0,1.0,-2.4492935982947064E-16,0,1,0,0,-1.0,0,0,-1,0,1.0,-1.0,0.0,0,-1,0,0.5000000000000001,-1.0,0.8660254037844386,0,-1,0,-0.4999999999999998,-1.0,0.8660254037844387,0,-1,0,-1.0,-1.0,1.2246467991473532E-16,0,-1,0,-0.5000000000000004,-1.0,-0.8660254037844385,0,-1,0,0.5000000000000001,-1.0,-0.8660254037844386,0,-1,0,1.0,-1.0,-2.4492935982947064E-16,0,-1,0],"indices":[0,1,3,0,3,2,2,3,5,2,5,4,4,5,7,4,7,6,6,7,9,6,9,8,8,9,11,8,11,10,10,11,13,10,13,12,14,15,16,14,16,17,14,17,18,14,18,19,14,19,20,14,20,21,22,24,23,22,25,24,22,26,25,22,27,26,22,28,27,22,29,28]}
